{"cameraMode":{"drawMode":0,"name":"Shaded","section":"Shading Mode"},"sceneLighting":false,"audioPlay":false,"sceneViewState":{"m_AlwaysRefresh":false,"showFog":true,"showSkybox":true,"showFlares":true,"showImageEffects":true,"showParticleSystems":true,"showVisualEffectGraphs":true,"m_FxEnabled":true},"in2DMode":false,"pivot":{"x":-16.794736862182618,"y":-6.865538120269775,"z":-20.476102828979493},"rotation":{"x":0.04190916195511818,"y":-0.9452024102210999,"z":0.13446083664894105,"w":0.29456761479377749},"size":16.17246437072754,"orthographic":false}